2b1d3551-273e-11ed-b953-a2e17859f5cb.jpg,['7бн3603']
4f4f9049-273e-11ed-ab24-a2e17859f5cb.jpg,['7бн3603']
3faaa524-2741-11ed-92dd-a2e17859f5cb.jpg,['7бн3603']
873df43f-2741-11ed-89cb-a2e17859f5cb.jpg,['7бн3603']
e47eb05f-274a-11ed-a72b-a2e17859f5cb.jpg,['7бн3603']
93eed890-2ccd-11ed-823b-961bafe96210.jpg,['7бн3603']
0f71055c-2cd3-11ed-8cd1-961bafe96210.jpg,['7бн3603']
69eea0e3-2cd3-11ed-8aca-961bafe96210.jpg,['7бн3603']
9d98c5e3-2cd6-11ed-bc46-961bafe96210.jpg,['7бн3603']
1df5d7a6-2cd9-11ed-a26d-961bafe96210.jpg,['7бн3603']
7668cc77-31f0-11ed-bc78-997c475d7069.jpg,[]
